gene	drug	regulatory approval	indication	interaction score
MTOR	VISTUSERTIB	Not Approved	""	0.09190809605437593
MTOR	EVEROLIMUS	Approved	immunosuppressant	0.2054416264744873
MTOR	SIROLIMUS	Approved	for treatment of wet age-related macular degeneration,immunosuppressant	0.08873885136284572
MTOR	PYRROLIDINE DITHIOCARBAMATE	Not Approved	""	0.02827941417057721
MTOR	SU9516	Not Approved	""	0.02297702401359398
MTOR	THAPSIGARGIN	Not Approved	""	0.09190809605437593
MTOR	CGS 15943	Not Approved	""	0.03342112583795489
MTOR	RIDAFOROLIMUS	Not Approved	antineoplastic agent	0.7352647684350074
MTOR	PALOMID-529	Not Approved	""	0.3676323842175037
MTOR	PROPAFENONE	Approved	antiarrythmic agent	0.03342112583795489
MTOR	ZOTAROLIMUS	Not Approved	""	0.1225441280725012
MTOR	GEDATOLISIB	Not Approved	""	0.0816960853816675
MTOR	TEMSIROLIMUS	Approved	antineoplastic agent	0.196070604916002
MTOR	DS-3078A	Not Approved	""	0.7352647684350074
MTOR	MTOR INHIBITOR	Not Approved	""	0.06127206403625062
MTOR	SYK INHIBITOR III	Not Approved	""	0.04084804269083374
MTOR	CHEMBL:CHEMBL587620	Not Approved	""	0.07352647684350073
MTOR	PF-04691502	Not Approved	""	0.06127206403625062
MTOR	LY-294002	Not Approved	""	0.04595404802718796
MTOR	ISOPROTERENOL	Approved	Bronchodilator Agents; Cardiotonic Agents	0.01148851200679699
MTOR	ME-344	Not Approved	""	0.007208478121911837
MTOR	ALPELISIB	Approved	""	0.01021201067270843
MTOR	SAMOTOLISIB	Not Approved	""	0.0490176512290005
MTOR	PERPHENAZINE	Approved	Antipsychotic Agents	0.0141397070852886
MTOR	MIBEFRADIL	Not Approved	""	0.02162543436573551
MTOR	TG100-115	Not Approved	""	0.1838161921087518
MTOR	TAFA-93	Not Approved	immunosuppressant	0.3676323842175037
MTOR	SF1126	Not Approved	antineoplastic agent	0.06127206403625062
MTOR	SIROLIMUS ALBUMIN-BOUND NANOPARTICLES	Not Approved	""	0.1225441280725012
MTOR	GOSSYPOL	Not Approved	""	0.007659008004531328
MTOR	PHENETHYLISOTHIOCYANATE	Not Approved	""	0.09190809605437593
MTOR	CHEMBL:CHEMBL599088	Not Approved	""	0.1838161921087518
MTOR	CHEMBL:CHEMBL600334	Not Approved	""	0.1225441280725012
MTOR	CHEMBL:CHEMBL591618	Not Approved	""	0.07352647684350073
MTOR	CAFFEIC ACID PHENETHYL ESTER	Not Approved	""	0.02625945601553598
MTOR	DIPHENYLENEIODONIUM	Not Approved	""	0.04595404802718796
MTOR	CHEMBL:CHEMBL605077	Not Approved	""	0.1838161921087518
MTOR	VANOXERINE	Not Approved	""	0.01838161921087518
MTOR	WIN55212-2	Not Approved	""	0.01750630401035732
MTOR	SAPANISERTIB	Approved	antineoplastic agent	0.04795205011532658
MTOR	BERZOSERTIB	Not Approved	""	0.04084804269083374
MTOR	OSI-027	Not Approved	antineoplastic agent	0.1633921707633349
MTOR	RITANSERIN	Not Approved	""	0.01671056291897744
MTOR	CC-115	Not Approved	""	0.06127206403625062
MTOR	BW723C86	Not Approved	""	0.07352647684350073
MTOR	VS-5584	Not Approved	""	0.06684225167590978
MTOR	RAPALINK-1	Not Approved	""	0.1838161921087518
MTOR	CHEMBL:CHEMBL2348411	Not Approved	""	0.3676323842175037
MTOR	TYRPHOSTIN A9	Not Approved	""	0.01671056291897744
MTOR	DEQUALINIUM	Approved	""	0.02297702401359398
MTOR	PI3K/BET INHIBITOR LY294002	Not Approved	""	0.06127206403625062
MTOR	APITOLISIB	Not Approved	""	0.02827941417057721
MTOR	PI3K INHIBITOR BGT226	Not Approved	""	0.1838161921087518
MTOR	AZD-8055	Not Approved	""	0.5514485763262555
MTOR	METFORMIN HYDROCHLORIDE	Approved	""	0.01312972800776799
MTOR	DOXAZOSIN MESYLATE	Approved	Anticholesteremic Agents; Antihypertensive Agents; Vasodilator Agents	0.03063603201812531
MTOR	BIX-01294	Not Approved	""	0.04595404802718796
MTOR	GDC-0349	Not Approved	""	0.3676323842175037
MTOR	OMIPALISIB	Not Approved	""	0.01838161921087518
MTOR	CAMPTOTHECIN	Approved	antineoplastic agent	0.01050378240621439
MTOR	AMIODARONE HYDROCHLORIDE	Approved	antiarrhytmic agent	0.0141397070852886
MTOR	PWT-33579	Not Approved	""	0.1838161921087518
MTOR	CHEMBL:CHEMBL527620	Not Approved	""	0.1225441280725012
MTOR	3,4-DICHLOROISOCOUMARIN	Not Approved	""	0.02450882561450025
MTOR	INFIGRATINIB	Approved	""	0.01361601423027791
MTOR	CHEMBL:CHEMBL602127	Not Approved	""	0.05251891203107196
MTOR	CANTHARIDIC_ACID	Not Approved	""	0.09190809605437593
MTOR	IDARUBICIN	Approved	Antineoplastic Agents	0.007659008004531328
MTOR	L-741,626	Not Approved	""	0.03342112583795489
MTOR	SF-1126	Not Approved	""	0.04084804269083374
MTOR	PENTAMIDINE ISETHIONATE	Not Approved	""	0.06127206403625062
MTOR	XL765	Not Approved	antineoplastic agent	0.1225441280725012
MTOR	PERHEXILINE MALEATE	Approved	""	0.03342112583795489
MTOR	CHEMBL:CHEMBL303958	Not Approved	""	0.1838161921087518
MTOR	NICLOSAMIDE	Approved	""	0.01361601423027791
MTOR	CATECHOL	Not Approved	""	0.01671056291897744
MTOR	IDAZOXAN	Not Approved	""	0.03063603201812531
MTOR	VANDETANIB	Approved	antineoplastic agent	0.006338489383060408
MTOR	CANERTINIB	Not Approved	""	0.05251891203107196
MTOR	INDOXIMOD	Not Approved	""	0.1225441280725012
MTOR	PKI-179	Not Approved	""	0.1225441280725012
MTOR	FENRETINIDE	Approved	antineoplastic agent	0.01361601423027791
MTOR	CHEMBL:CHEMBL528807	Not Approved	""	0.1225441280725012
MTOR	CALCIMYCIN	Not Approved	""	0.01934907285355282
MTOR	NICARDIPINE	Approved	Anti-Arrhythmia Agents; Antihypertensive Agents	0.02297702401359398
MTOR	EMETINE	Not Approved	""	0.07352647684350073
MTOR	BISLEUCONOTHINE A	Not Approved	""	0.7352647684350074
MTOR	MTOR KINASE INHIBITOR AZD8055	Not Approved	""	0.1838161921087518
MTOR	CHEMBL:CHEMBL195350	Not Approved	""	0.1838161921087518
MTOR	GLASDEGIB	Approved	""	0.09190809605437593
MTOR	RG-7603	Not Approved	""	0.3676323842175037
MTOR	CHEMBL:CHEMBL601364	Not Approved	""	0.02827941417057721
MTOR	PI-103	Not Approved	""	0.01934907285355282
MTOR	IFENPRODIL	Not Approved	""	0.1838161921087518
MTOR	TRIFLUPERIDOL	Not Approved	""	0.1838161921087518
MTOR	BUTACLAMOL	Not Approved	""	0.1838161921087518
MTOR	TERFENADINE	Approved	Anti-Allergic Agents	0.02042402134541687
MTOR	LESTAURTINIB	Not Approved	antineoplastic agent	0.03063603201812531
MTOR	DISULFIRAM	Approved	Alcohol Deterrents	0.00854959033063962
MTOR	CHEMBL:CHEMBL597874	Not Approved	""	0.3676323842175037
MTOR	METFORMIN	Approved	antidiabetic	0.00896664351750009
MTOR	PIMOZIDE	Approved	Antidyskinetics; Antipsychotic Agents	0.01081271718286775
MTOR	AZD8055	Not Approved	""	0.03063603201812531
MTOR	MTORC1/2 KINASE INHIBITOR BI 860585	Not Approved	""	0.3676323842175037
MTOR	MAPROTILINE	Approved	Second-Generation,Antidepressive Agents	0.02827941417057721
MTOR	ROTENONE	Not Approved	""	0.05251891203107196
MTOR	CHEMBL:CHEMBL429095	Not Approved	""	0.007352647684350073
MTOR	PANULISIB	Not Approved	""	0.02297702401359398
MTOR	CHEMBL:CHEMBL528712	Not Approved	""	0.1225441280725012
MTOR	LOPERAMIDE	Approved	Antidiarrheals	0.03063603201812531
MTOR	MIFEPRISTONE	Approved	antidepressant,antipsychotic,for lowering intraocular pressure,opthalmological agent	0.01312972800776799
MTOR	CHEMBL:CHEMBL582278	Not Approved	""	0.3676323842175037
MTOR	YUANHUADINE	Not Approved	""	0.1470529536870014
MTOR	BGT-226	Not Approved	""	0.03342112583795489
MTOR	AMSACRINE	Approved	""	0.02450882561450025
MTOR	1,10-PHENANTHROLINE	Not Approved	""	0.01750630401035732
MTOR	VOXTALISIB	Not Approved	""	0.06893107204078194
MTOR	PWT-33587	Not Approved	""	0.04084804269083374
MTOR	N-OLEOYLDOPAMINE	Not Approved	""	0.02042402134541687
MTOR	ISTIRATUMAB	Not Approved	""	0.1225441280725012
MTOR	BIMIRALISIB	Not Approved	""	0.1225441280725012
MTOR	ZOLANTIDINE	Not Approved	""	0.1225441280725012
MTOR	PAZOPANIB	Approved	antineoplastic agent	0.006449690951184276
MTOR	SALIRASIB	Not Approved	""	0.03342112583795489
MTOR	PAROXETINE HYDROCHLORIDE, HEMIHYDRATE	Approved	antidepressant	0.01470529536870014
MTOR	EBASTINE	Approved	""	0.1225441280725012
MTOR	DACTOLISIB	Not Approved	""	0.05361305603171929
MTOR	GR 127935	Not Approved	""	0.01267697876612081
MTOR	CAPIVASERTIB	Approved	""	0.03676323842175037
MTOR	5-QUINOXALIN-6-YLMETHYLENE-THIAZOLIDINE-2,4-DIONE	Not Approved	""	0.07352647684350073
MTOR	QUINACRINE	Not Approved	""	0.03676323842175037
MTOR	PF-04691502	Not Approved	""	0.02162543436573551
MTOR	PIMECROLIMUS	Approved	antiinflammatory agent	0.1225441280725012
MTOR	DS-7423	Not Approved	""	0.0490176512290005
MTOR	ONATASERTIB	Not Approved	""	0.3676323842175037
MTOR	EPINEPHRINE	Approved	anestethic	0.009190809605437592
MTOR	PALOMID 529	Not Approved	for treatment of age-related macular degeneration	0.3676323842175037
MTOR	CHEMBL:CHEMBL578420	Not Approved	""	0.3676323842175037
MTOR	HALOPERIDOL DECANOATE	Approved	Antipsychotic Agents	0.004837268213388207
MTOR	TANESPIMYCIN	Not Approved	antineoplastic agent	0.02827941417057721
MTOR	(R,S)-INDATRALINE	Not Approved	""	0.03342112583795489
MTOR	SONOLISIB	Not Approved	""	0.02042402134541687
CDKN2A	RIBOCICLIB	Approved	antineoplastic agent	0.5178948269730707
CDKN2A	PACLITAXEL	Approved	for treatment of peripheral arterial disease (PAD),DMARD,antiinflammatory agent,antineoplastic agent	0.03389857049278282
CDKN2A	ULIXERTINIB	Not Approved	""	0.3728842754206109
CDKN2A	ALVOCIDIB	Not Approved	antineoplastic agent	0.1775639406764813
CDKN2A	PF-04691502	Not Approved	""	0.3107368961838424
CDKN2A	ILORASERTIB	Not Approved	""	0.0160725980784746
CDKN2A	VEMURAFENIB	Approved	antineoplastic agent	0.2015590677949248
CDKN2A	RONICICLIB	Not Approved	""	0.06658647775368053
CDKN2A	CETUXIMAB	Approved	antineoplastic agent	0.1007795338974624
CDKN2A	SAPANISERTIB	Approved	antineoplastic agent	0.1621235980089612
CDKN2A	TEMOZOLOMIDE	Approved	""	0.1775639406764813
CDKN2A	PF-00477736	Not Approved	""	0.9322106885515273
CDKN2A	HMN-214	Not Approved	""	1.864421377103054
CDKN2A	MILCICLIB	Not Approved	""	0.3389857049278281
CDKN2A	POLO-LIKE KINASE 1 INHIBITOR GSK461364	Not Approved	""	1.864421377103054
CDKN2A	COBIMETINIB	Approved	antineoplastic agent	0.1962548818003215
CDKN2A	GEMCITABINE	Approved	antineoplastic agent	0.04053089950224032
CDKN2A	PANITUMUMAB	Approved	antineoplastic agent	0.09322106885515273
CDKN2A	BUPARLISIB	Not Approved	""	0.1491537101682443
CDKN2A	(10R)-10-METHYL-3-(6-METHYLPYRIDIN-3-YL)-9,10,11,12-TETRAHYDRO-8H-[1,4]DIAZEPINO[5',6':4,5]THIENO[3,2-F]QUINOLIN-8-ONE	Not Approved	""	1.242947584735369
CDKN2A	SIROLIMUS	Approved	for treatment of wet age-related macular degeneration,immunosuppressant	0.06429039231389842
CDKN2A	CARBOPLATIN	Approved	""	0.04335863667681523
CDKN2A	PALBOCICLIB	Approved	""	1.02360389331148
CDKN2A	EVEROLIMUS	Approved	immunosuppressant	0.1096718457119443
CDKN2A	LETROZOLE	Approved	antineoplastic agent	0.1035789653946141
CDKN2A	TRAMETINIB DIMETHYL SULFOXIDE	Approved	antineoplastic agent	0.27767977956854
CDKN2A	DABRAFENIB	Approved	antineoplastic agent	0.2762105743856377
CDKN2A	ABEMACICLIB	Approved	""	0.7850195272012861
ERCC1	DOXORUBICIN HYDROCHLORIDE	Approved	antineoplastic agent	0.08818209216027963
ERCC1	HERBIMYCIN A	Not Approved	""	1.087579136643448
ERCC1	CISPLATIN	Approved	""	0.3255338912402159
ERCC1	THALIDOMIDE	Approved	antineoplastic agent	0.2351522457607456
ERCC1	CYCLOSPORINE	Approved	immunosuppressant,opthalmological agent	0.1000072769327309
ERCC1	PLATINUM COMPOUND	Not Approved	""	0.5437895683217243
ERCC1	FLUOROURACIL	Approved	""	0.07500545769954817
ERCC1	STAUROSPORINE	Not Approved	""	0.2559009733278702
ERCC1	PACLITAXEL	Approved	for treatment of peripheral arterial disease (PAD),DMARD,antiinflammatory agent,antineoplastic agent	0.03954833224157995
ERCC1	PLATINUM	Not Approved	""	1.740126618629517
ERCC1	GEMCITABINE	Approved	antineoplastic agent	0.04728604941928038
ERCC1	CARBOPLATIN	Approved	""	0.05058507612295109
IGF1	XENTUZUMAB	Not Approved	""	13.05094963972138
IGF1	DUSIGITUMAB	Not Approved	""	13.05094963972138
IGF1	TROFINETIDE	Approved	neuroprotectant	4.350316546573794
IGF1	XENTUZUMAB	Not Approved	""	13.05094963972138
TP53	VEMURAFENIB	Approved	antineoplastic agent	0.009364469963923499
TP53	CHEMBL:CHEMBL602150	Not Approved	""	0.02887378238876412
TP53	CHEMBL:CHEMBL201325	Not Approved	""	0.01154951295550564
TP53	CHK1 INHIBITOR GDC-0575	Not Approved	""	0.2309902591101129
TP53	FENTICLOR	Not Approved	""	0.006078691029213499
TP53	PACLITAXEL	Approved	for treatment of peripheral arterial disease (PAD),DMARD,antiinflammatory agent,antineoplastic agent	0.006299734339366717
TP53	CHEMBL:CHEMBL85194	Not Approved	""	0.01924918825917608
TP53	ERLOTINIB	Approved	antineoplastic agent	0.004124826055537731
TP53	CHEMBL:CHEMBL408563	Not Approved	""	0.02309902591101129
TP53	HEXACHLOROPHENE	Approved	""	0.002816954379391621
TP53	BORTEZOMIB	Approved	antineoplastic agent	0.001358766230059488
TP53	IL-27 SUBUNIT &ALPHA;	Not Approved	""	0.2309902591101129
TP53	CHEMBL:CHEMBL195350	Not Approved	""	0.05774756477752824
TP53	PHA-680632	Not Approved	""	0.2309902591101129
TP53	CHEMBL:CHEMBL1389794	Not Approved	""	0.02309902591101129
TP53	SERTRALINE HYDROCHLORIDE	Approved	for treatment of obsessive compulsive disorder (OCD),antidepressant	0.01154951295550564
TP53	CHEMBL:CHEMBL99408	Not Approved	""	0.05774756477752824
TP53	THIMEROSAL	Approved	""	0.005021527371958978
TP53	ABIRATERONE ACETATE	Approved	antineoplastic agent	0.01649930422215092
TP53	TRICLOCARBAN	Not Approved	""	0.01649930422215092
TP53	ENZALUTAMIDE	Approved	antineoplastic agent	0.01443689119438206
TP53	ALRIZOMADLIN	Not Approved	""	0.1732426943325847
TP53	THIOUREIDOBUTYRONITRILE	Not Approved	""	0.3464853886651694
TP53	VENETOCLAX	Approved	""	0.02099911446455572
TP53	PIMASERTIB	Not Approved	""	0.02887378238876412
TP53	EPIRUBICIN	Approved	Antineoplastic Agents	0.01924918825917608
TP53	MDM2 INHIBITOR AMGMDS3	Not Approved	""	0.1154951295550564
TP53	SULCONAZOLE NITRATE	Approved	""	0.03849837651835216
TP53	TYRPHOSTIN A9	Not Approved	""	0.005249778616138931
TP53	GOSSYPOL	Not Approved	""	0.00721844559719103
TP53	LAPACHONE	Not Approved	""	0.004442120367502173
TP53	CHEMBL:CHEMBL592123	Not Approved	""	0.02887378238876412
TP53	AZD6482	Not Approved	""	0.0256655843455681
TP53	SP600125	Not Approved	""	0.05774756477752824
TP53	SELICICLIB	Not Approved	antineoplastic agent	0.03849837651835216
TP53	AZACITIDINE	Approved	antineoplastic agent	0.008662134716629235
TP53	CHEMBL:CHEMBL410484	Not Approved	""	0.01443689119438206
TP53	CHEMBL:CHEMBL1241268	Not Approved	""	0.2309902591101129
TP53	ALK INHIBITOR TAE684	Not Approved	""	0.05774756477752824
TP53	SN-38	Not Approved	""	0.01649930422215092
TP53	METHYLENE BLUE	Not Approved	""	0.01283279217278405
TP53	CINNARIZINE	Approved	Anti-Allergic Agents	0.02099911446455572
TP53	PAROXETINE HYDROCHLORIDE, HEMIHYDRATE	Approved	antidepressant	0.004619805182202259
TP53	IBRUTINIB	Approved	antineoplastic agent	0.01358766230059488
TP53	CABOZANTINIB S-MALATE	Approved	antineoplastic agent	0.01049955723227786
TP53	CAPIVASERTIB	Approved	""	0.02309902591101129
TP53	TAMOXIFEN	Approved	Hormonal,Antineoplastic Agents	0.003553696294001737
TP53	PF-04217903	Not Approved	""	0.07699675303670432
TP53	DOCETAXEL ANHYDROUS	Approved	antineoplastic agent	0.004174522755002042
TP53	GALLIC ACID	Not Approved	""	0.00962459412958804
TP53	KINETIN RIBOSIDE	Not Approved	""	0.02887378238876412
TP53	MASOPROCOL	Approved	prostate cancer,antineoplastic agent	0.002457343182022478
TP53	CHEMBL:CHEMBL259422	Not Approved	""	0.1154951295550564
TP53	INDOPROFEN	Approved	""	0.00962459412958804
TP53	LONTUCIREV	Not Approved	""	0.1154951295550564
TP53	SANGUINARIUM	Not Approved	""	0.004619805182202259
TP53	7,8-DIHYDROXYFLAVONE	Not Approved	""	0.01443689119438206
TP53	CISPLATIN	Approved	""	0.01335657960840789
TP53	3-METHOXYCATECHOL	Not Approved	""	0.01154951295550564
TP53	EPRENETAPOPT	Not Approved	""	1.039456165995508
TP53	NAVITOCLAX	Not Approved	""	0.02165533679157309
TP53	CHEMBL:CHEMBL582473	Not Approved	""	0.03849837651835216
TP53	CHEMBL:CHEMBL407501	Not Approved	""	0.1154951295550564
TP53	PYRITHIONE ZINC	Approved	""	0.006416396086392026
TP53	IDASANUTLIN	Not Approved	""	0.1539935060734086
TP53	ASTEMIZOLE	Approved	Anti-Allergic Agents	0.00721844559719103
TP53	DOPAMINE	Approved	""	0.003982590674312292
TP53	HOMIDIUM BROMIDE	Not Approved	""	0.003982590674312292
TP53	SUNITINIB	Approved	antineoplastic agent	0.00481229706479402
TP53	INDIRUBIN-3'-MONOXIME	Not Approved	""	0.006078691029213499
TP53	DECITABINE	Approved	antineoplastic agent	0.00962459412958804
TP53	TRIFLUPROMAZINE	Approved	Antiemetics; Antipsychotic Agents	0.01443689119438206
TP53	CHEMBL:CHEMBL591618	Not Approved	""	0.02309902591101129
TP53	TOPICAL CORTICOSTEROID	Not Approved	""	0.07699675303670432
TP53	METHIMAZOLE	Approved	Antithyroid Agents	0.01099953614810061
TP53	DENDRITIC CELL VACCINE	Not Approved	""	0.05774756477752824
TP53	TRIACETYLRESVERATROL	Not Approved	""	0.05774756477752824
TP53	CHEMBL:CHEMBL154580	Not Approved	""	0.01049955723227786
TP53	BRIGATINIB	Approved	""	0.02099911446455572
TP53	CHEMBL:CHEMBL406557	Not Approved	""	0.01443689119438206
TP53	EMODIN	Not Approved	""	0.004442120367502173
TP53	VESNARINONE	Not Approved	""	0.02887378238876412
TP53	REBEMADLIN	Not Approved	""	0.4619805182202259
TP53	NUTLIN-3	Not Approved	""	0.2887378238876412
TP53	DIMETHYL GAMBOGATE	Not Approved	""	0.02309902591101129
TP53	IOXYNIL	Not Approved	""	0.03849837651835216
TP53	IRINOTECAN HYDROCHLORIDE	Approved	antineoplastic agent	0.005499768074050308
TP53	CHEMBL:CHEMBL601140	Not Approved	""	0.02887378238876412
TP53	APOMORPHINE	Approved	antiparkinson agent,for treatment of erectile dysfunction,for treatment of sexual dysfunction in women	0.004277597390928017
TP53	CHEMBL:CHEMBL184450	Not Approved	""	0.008249652111075463
TP53	IDELALISIB	Approved	antineoplastic agent	0.0256655843455681
TP53	TRAMETINIB DIMETHYL SULFOXIDE	Approved	antineoplastic agent	0.004914686364044956
TP53	BENDAMUSTINE	Approved	""	0.07699675303670432
TP53	CLIOQUINOL	Approved	""	0.006416396086392026
TP53	PUROMYCIN	Not Approved	""	0.0256655843455681
TP53	TRIFLOXYSTROBIN	Not Approved	""	0.03849837651835216
TP53	METHYL ROBUSTONE	Not Approved	""	0.02309902591101129
TP53	MPI-0479605	Not Approved	""	0.07699675303670432
TP53	IPILIMUMAB	Approved	antineoplastic agent	0.01539935060734086
TP53	OLAPARIB	Approved	""	0.007532291057938466
TP53	CLEMASTINE	Approved	Anti-Allergic Agents	0.01154951295550564
TP53	TEROXIRONE	Not Approved	""	0.02309902591101129
TP53	CHEMBL:CHEMBL177809	Not Approved	""	0.02887378238876412
TP53	FLUPENTHIXOL	Not Approved	Antipsychotic Agents	0.007699675303670432
TP53	SELUMETINIB	Approved	""	0.01049955723227786
TP53	OLEAMIDE	Not Approved	""	0.05774756477752824
TP53	P53-HDM2 INTERACTION INHIBITOR MI-773	Not Approved	""	0.2694886356284651
TP53	METHYLBENZETHONIUM CHLORIDE	Not Approved	""	0.01924918825917608
TP53	CHEMBL:CHEMBL587620	Not Approved	""	0.02309902591101129
TP53	MERCURIC CHLORIDE	Not Approved	""	0.005774756477752823
TP53	RITUXIMAB	Approved	antineoplastic agent	0.03208198043196013
TP53	CHEMBL:CHEMBL578890	Not Approved	""	0.03849837651835216
TP53	CYTARABINE	Approved	antineoplastic agent	0.002887378238876411
TP53	OSIMERTINIB	Approved	""	0.01649930422215092
TP53	FLAVANONE	Not Approved	""	0.01443689119438206
TP53	RALOXIFENE HYDROCHLORIDE	Approved	Hormone Replacement Agents	0.002309902591101129
TP53	PIMOZIDE	Approved	Antidyskinetics; Antipsychotic Agents	0.00339691557514872
TP53	AMOXAPINE	Approved	antidepressant	0.007699675303670432
TP53	ONONIN	Not Approved	""	0.02309902591101129
TP53	TARENFLURBIL	Not Approved	""	0.01924918825917608
TP53	FANCHININ	Not Approved	""	0.02887378238876412
TP53	MDM2 ANTAGONIST RO6839921	Not Approved	""	0.1154951295550564
TP53	VITAMIN K3	Approved	for reducing EGFR-inhibitor-induced dermatological side effects	0.003982590674312292
TP53	CHEMBL:CHEMBL1702181	Not Approved	""	0.1154951295550564
TP53	CYAZOFAMID	Not Approved	""	0.05774756477752824
TP53	CHEMBL:CHEMBL596633	Not Approved	""	0.01049955723227786
TP53	NAVTEMADLIN	Not Approved	""	0.09624594129588039
TP53	[3H]GBR12935	Not Approved	""	0.01649930422215092
TP53	RIMCAZOLE	Not Approved	antineoplastic agent	0.01924918825917608
TP53	VORINOSTAT	Approved	antineoplastic agent	0.008249652111075463
TP53	CHEMBL:CHEMBL1333386	Not Approved	""	0.01649930422215092
TP53	EZABENLIMAB	Not Approved	""	0.1154951295550564
TP53	CLOTRIMAZOLE	Approved	""	0.006242979975948999
TP53	PERPHENAZINE	Approved	Antipsychotic Agents	0.004442120367502173
TP53	FULVESTRANT	Approved	antineoplastic agent	0.009239610364404518
TP53	PALBOCICLIB	Approved	""	0.004529220766864959
TP53	TANESPIMYCIN	Not Approved	antineoplastic agent	0.02665272220501303
TP53	GENISTEIN	Approved	""	0.001991295337156146
TP53	ETHOPROPAZINE HYDROCHLORIDE	Approved	""	0.01649930422215092
TP53	SULANEMADLIN	Not Approved	""	0.1154951295550564
TP53	CHEMBL:CHEMBL528807	Not Approved	""	0.03849837651835216
TP53	HDM2 INHIBITOR MK-8242	Not Approved	""	0.1154951295550564
TP53	CRIZOTINIB	Approved	antineoplastic agent	0.02309902591101129
TP53	FENOFIBRATE MICRONIZED	Approved	anticholesterolaemic agent,antidyslipidaemic agent	0.008884240735004345
TP53	OCHRATOXIN A	Not Approved	""	0.01283279217278405
TP53	IODOQUINOL	Approved	""	0.01283279217278405
TP53	NEBULARINE	Not Approved	""	0.05774756477752824
TP53	JQ1	Not Approved	""	0.04619805182202258
TP53	PEMBROLIZUMAB	Approved	""	0.01399940964303714
TP53	DICHLOROPHEN	Not Approved	""	0.006416396086392026
TP53	LEVONORGESTREL	Approved	for treatment of menopausal symptoms,contraceptive	0.03299860844430185
TP53	CHEMBL:CHEMBL261693	Not Approved	""	0.02309902591101129
TP53	ZANUBRUTINIB	Approved	""	0.1154951295550564
TP53	IL-12	Not Approved	""	0.0256655843455681
TP53	SB 224289	Not Approved	""	0.00962459412958804
TP53	OXALIPLATIN	Approved	""	0.009118036543820249
TP53	CHEMBL:CHEMBL422942	Not Approved	""	0.03849837651835216
TP53	ECONAZOLE NITRATE	Approved	""	0.008249652111075463
TP53	CHEMBL:CHEMBL429335	Not Approved	""	0.02309902591101129
TP53	2-IODOACETAMIDE	Not Approved	""	0.008249652111075463
TP53	CHEMBL:CHEMBL267160	Not Approved	""	0.02887378238876412
TP53	CAULIBUGULONE C	Not Approved	""	0.03849837651835216
TP53	CHEMBL:CHEMBL271023	Not Approved	""	0.01924918825917608
TP53	INOSITOL	Approved	for treatment of Alzheimer's disease	0.01539935060734086
TP53	ALECTINIB	Approved	""	0.04619805182202258
TP53	MAGROLIMAB	Not Approved	""	0.05774756477752824
TP53	PAZOPANIB	Approved	antineoplastic agent	0.008104921372284666
TP53	MICHLER'S KETONE	Not Approved	""	0.01283279217278405
TP53	CHEMBL:CHEMBL260213	Not Approved	""	0.01924918825917608
TP53	THIOTEPA	Approved	""	0.02309902591101129
TP53	KU-60019	Not Approved	""	0.05774756477752824
TP53	CHEMBL:CHEMBL528712	Not Approved	""	0.03849837651835216
TP53	THIORIDAZINE	Approved	Antipsychotic Agents	0.003982590674312292
TP53	BENZALKONIUM CHLORIDE	Approved	""	0.05774756477752824
TP53	BAICALEIN	Not Approved	""	0.004619805182202259
TP53	DABRAFENIB	Approved	antineoplastic agent	0.01711038956371207
TP53	CAULIBUGULONE D	Not Approved	""	0.05774756477752824
TP53	CHEMBL:CHEMBL16685	Not Approved	""	0.05774756477752824
TP53	CHEMBL:CHEMBL261118	Not Approved	""	0.03849837651835216
TP53	KRESOXIM-METHYL	Not Approved	""	0.03849837651835216
TP53	MELPHALAN	Approved	""	0.005774756477752823
TP53	CHEMBL:CHEMBL259784	Not Approved	""	0.01924918825917608
TP53	(R)-INDOPROFEN	Not Approved	""	0.1154951295550564
TP53	PENTACHLOROPHENOL	Not Approved	""	0.008249652111075463
TP53	ATRACTYLENOLIDE I	Not Approved	""	0.2309902591101129
TP53	CONTUSUGENE LADENOVEC	Not Approved	""	0.2309902591101129
TP53	CYCLOPHOSPHAMIDE ANHYDROUS	Approved	""	0.005703463187904024
TP53	CHEMBL:CHEMBL1522984	Not Approved	""	0.02309902591101129
TP53	TAMOXIFEN CITRATE	Approved	""	0.006078691029213499
TP53	NORTRIPTYLINE	Approved	antidepressant,antiasthmatic agent	0.003609222798595515
TP53	NIGULDIPINE	Not Approved	""	0.01443689119438206
TP53	BENZO(K)FLUORANTHENE	Not Approved	""	0.01154951295550564
TP53	R547	Not Approved	""	0.03299860844430185
TP53	BENZO[B]FLUORANTHENE	Not Approved	""	0.01649930422215092
TP53	LORLATINIB	Approved	""	0.02665272220501303
TP53	RUXOLITINIB	Approved	antiinflammatory agent,antineoplastic agent	0.01443689119438206
TP53	STREPTONIGRIN	Not Approved	""	0.01154951295550564
TP53	RECOMBINANT VASCULAR ENDOTHELIAL GROWTH FACTOR	Not Approved	""	0.02474895633322639
TP53	CHEMBL:CHEMBL1346468	Not Approved	""	0.05774756477752824
TP53	RS-39604	Not Approved	""	0.03849837651835216
TP53	CHEMBL:CHEMBL530049	Not Approved	""	0.01283279217278405
TP53	ALEMTUZUMAB	Approved	antineoplastic agent	0.03849837651835216
TP53	SELINEXOR	Approved	""	0.04619805182202258
TP53	CHEMBL:CHEMBL600347	Not Approved	""	0.1154951295550564
TP53	CADMIUM DICHLORIDE	Not Approved	""	0.01049955723227786
TP53	PATULIN	Not Approved	""	0.0256655843455681
TP53	DINOSEB	Not Approved	""	0.02887378238876412
TP53	AURORA KINASE INHIBITOR AMG 900	Not Approved	""	0.05774756477752824
TP53	CHEMBL:CHEMBL578512	Not Approved	""	0.003982590674312292
TP53	MULTI-NEO-EPITOPE VACCINE OSE 2101	Not Approved	""	0.02887378238876412
TP53	CHEMBL:CHEMBL599088	Not Approved	""	0.05774756477752824
TP53	2,6-DIMETHOXYQUINONE	Not Approved	""	0.01649930422215092
TP53	CHEMBL:CHEMBL265686	Not Approved	""	0.02887378238876412
TP53	SAPANISERTIB	Approved	antineoplastic agent	0.01506458211587693
TP53	PROPYLTHIOURACIL	Approved	Antithyroid Agents	0.01154951295550564
TP53	CIS-RESVERATROL	Not Approved	""	0.01649930422215092
TP53	CHLORAMBUCIL	Approved	""	0.01154951295550564
TP53	CHEMBL:CHEMBL198759	Not Approved	""	0.04619805182202258
TP53	RG7112	Not Approved	""	0.2309902591101129
TP53	ADAVOSERTIB	Not Approved	antineoplastic agent	0.05362273872199051
TP53	TRIFLURIDINE	Approved	""	0.07699675303670432
TP53	PRODIGIOSIN	Not Approved	""	0.1154951295550564
TP53	MITOMYCIN	Approved	""	0.00962459412958804
TP53	CHLORFENAPYR	Not Approved	""	0.02887378238876412
TP53	(S)-FLUOXETINE	Not Approved	""	0.01283279217278405
TP53	CHIR-124	Not Approved	""	0.2309902591101129
TP53	RECOMBINANT MONOCYTE CHEMOATTRACTANT PROTEIN-1	Not Approved	""	0.02887378238876412
TP53	OBINUTUZUMAB	Approved	antineoplastic agent	0.07699675303670432
TP53	CHEMBL:CHEMBL1801219	Not Approved	""	0.2309902591101129
TP53	LOPERAMIDE	Approved	Antidiarrheals	0.00962459412958804
TP53	METHOTREXATE	Approved	DMARD	0.002099911446455572
TP53	MERCAPTOPURINE	Approved	Antineoplastic Agents	0.00256655843455681
TP53	POTASSIUM DICHROMATE	Not Approved	""	0.02309902591101129
TP53	ELLIPTECINE	Not Approved	""	0.003609222798595515
TP53	BUPARLISIB	Not Approved	""	0.009239610364404518
TP53	TRANSFERRIN RECEPTOR-TARGETED LIPOSOMAL P53 CDNA	Not Approved	""	0.1154951295550564
TP53	BENOMYL	Not Approved	""	0.1154951295550564
TP53	ZIRAM	Not Approved	""	0.008884240735004345
TP53	ZINC CHLORIDE	Approved	""	0.04619805182202258
TP53	CHEMBL:CHEMBL374632	Not Approved	""	0.01049955723227786
TP53	AZATHIOPRINE	Approved	""	0.003039345514606749
TP53	CAULIBUGULONE B	Not Approved	""	0.03849837651835216
TP53	CHEMBL:CHEMBL591126	Not Approved	""	0.01049955723227786
TP53	TRIAMTERENE	Approved	Antihypertensive Agents; Diuretics	0.006416396086392026
TP53	N6-BENZYLADENOSINE	Not Approved	""	0.1154951295550564
TP53	TEPRASIRAN	Not Approved	""	0.1154951295550564
TP53	NICLOSAMIDE	Approved	""	0.004277597390928017
TP53	LUXEPTINIB	Not Approved	""	0.02887378238876412
TP53	CHEMBL:CHEMBL405914	Not Approved	""	0.02309902591101129
TP53	CHEMBL:CHEMBL259615	Not Approved	""	0.01283279217278405
TP53	CLOFOCTOL	Not Approved	""	0.01924918825917608
TP53	FUROXAN	Not Approved	""	0.02309902591101129
TP53	SALMETEROL XINAFOATE	Approved	""	0.01649930422215092
TP53	CHEMBL:CHEMBL600334	Not Approved	""	0.03849837651835216
TP53	1,10-PHENANTHROLINE	Not Approved	""	0.005499768074050308
TP53	ENALAPRIL MALEATE	Approved	antihypertensive agent	0.01215738205842699
TP53	SIROLIMUS	Approved	for treatment of wet age-related macular degeneration,immunosuppressant	0.003982590674312292
TP53	P53 Y220C MUTANT REACTIVATOR PC14586	Not Approved	""	0.1154951295550564
TP53	(R,S)-INDATRALINE	Not Approved	""	0.01049955723227786
TP53	PIPERLONGUMINE	Not Approved	""	0.01283279217278405
TP53	ALPELISIB	Approved	""	0.006416396086392026
TP53	COTI-2	Not Approved	""	0.1154951295550564
TP53	CHEMBL:CHEMBL2002487	Not Approved	""	0.01049955723227786
TP53	IFOSFAMIDE	Approved	Antineoplastic Agents	0.01649930422215092
TP53	GANETESPIB	Not Approved	antineoplastic agent	0.02887378238876412
TP53	TEMOZOLOMIDE	Approved	""	0.01649930422215092
TP53	MITOXANTRONE	Approved	antineoplastic agent	0.002624889308069465
TP53	CHEMBL:CHEMBL601757	Not Approved	""	0.00481229706479402
TP53	M8891	Not Approved	""	0.05774756477752824
TP53	RHODOMYRTOXIN B	Not Approved	""	0.05774756477752824
TP53	VANOXERINE	Not Approved	""	0.005774756477752823
TP53	PYRACLOSTROBIN	Not Approved	""	0.02309902591101129
TP53	DIETHYLSTILBESTROL	Approved	Hormone Replacement Agents	0.006999704821518574
TP53	TRANILAST	Not Approved	""	0.01049955723227786
TP53	CHEMBL:CHEMBL444376	Not Approved	""	0.01924918825917608
TP53	OLVANIL	Not Approved	""	0.01924918825917608
TP53	CHEMBL:CHEMBL260560	Not Approved	""	0.01443689119438206
TP53	TERPYRIDINE	Not Approved	""	0.01443689119438206
TP53	CHEMBL:CHEMBL582715	Not Approved	""	0.05774756477752824
TP53	A77636	Not Approved	""	0.01924918825917608
TP53	DNA VACCINE	Not Approved	""	0.04619805182202258
TP53	PF-00477736	Not Approved	""	0.05774756477752824
TP53	SAR-405838	Not Approved	""	0.1154951295550564
TP53	CHEMBL:CHEMBL260028	Not Approved	""	0.02309902591101129
TP53	CHLORANIL	Not Approved	""	0.007699675303670432
TP53	PHENYLMERCURIC ACETATE	Not Approved	""	0.005774756477752823
TP53	CHEMBL:CHEMBL405317	Not Approved	""	0.02887378238876412
TP53	CHEMBL:CHEMBL260451	Not Approved	""	0.02309902591101129
TP53	MITOXANTRONE HYDROCHLORIDE	Approved	""	0.003609222798595515
TP53	NSC-663284	Not Approved	""	0.01649930422215092
TP53	BOMEDEMSTAT	Not Approved	""	0.05774756477752824
TP53	MANGOSTIN	Not Approved	""	0.01154951295550564
TP53	BEVACIZUMAB	Approved	antineoplastic agent	0.008662134716629235
TP53	PIRTOBRUTINIB	Approved	""	0.05774756477752824
TP53	NIVOLUMAB	Approved	antineoplastic agent	0.008884240735004345
TP53	CHEMBL:CHEMBL1397308	Not Approved	""	0.02309902591101129
TP53	CHEMBL:CHEMBL599100	Not Approved	""	0.02309902591101129
TP53	FLUPHENAZINE HYDROCHLORIDE	Approved	Antipsychotic Agents	0.005249778616138931
TP53	CHLORPROMAZINE	Approved	""	0.003121489987974499
TP53	CETUXIMAB	Approved	antineoplastic agent	0.003121489987974499
TP53	GARLIC	Not Approved	""	0.02309902591101129
TP53	ALPHA-NAPHTHOFLAVONE	Not Approved	""	0.01649930422215092
TP53	AHPN	Not Approved	""	0.01649930422215092
TP53	SAPONIN	Not Approved	""	0.04619805182202258
TP53	FAS LIGAND	Not Approved	""	0.01924918825917608
TP53	GEDATOLISIB	Not Approved	""	0.01283279217278405
TP53	AZD7648	Not Approved	""	0.04619805182202258
TP53	NAPABUCASIN	Not Approved	""	0.2309902591101129
TP53	NITAZOXANIDE	Approved	""	0.00962459412958804
TP53	CHEMBL:CHEMBL259805	Not Approved	""	0.02887378238876412
TP53	LY3009120	Not Approved	""	0.02309902591101129
TP53	INTERFERON ALFA-2B	Approved	for treatment of hepatitis C,Antineoplastic Agents; Immunomodulatory Agents,for treatment of hepatitis B and C,for treatment of hepatitis	0.01649930422215092
TP53	CLADRIBINE	Approved	""	0.007699675303670432
TP53	TRACAZOLATE	Not Approved	""	0.01443689119438206
TP53	CLOMIPRAMINE	Approved	Tricyclic,Antidepressive Agents	0.003039345514606749
TP53	ROBUSTIC ACID	Not Approved	""	0.03849837651835216
TP53	URSODIOL	Approved	for prevention of recurrence of colorectal polyps	0.01443689119438206
TP53	GLUTARAL	Approved	""	0.05774756477752824
TP53	CADMIUM ACETATE	Not Approved	""	0.01443689119438206
TP53	ROTENONE	Not Approved	""	0.01649930422215092
TP53	CHEMBL:CHEMBL429095	Not Approved	""	0.002309902591101129
TP53	CHEMBL:CHEMBL320361	Not Approved	""	0.03849837651835216
TP53	CHEMBL:CHEMBL259421	Not Approved	""	0.01924918825917608
TP53	P53/HDM2 INTERACTION INHIBITOR CGM097	Not Approved	""	0.1539935060734086
TP53	DEOXIEPINEPHRINE	Not Approved	""	0.01924918825917608
TP53	BROXYQUINOLINE	Not Approved	""	0.02309902591101129
TP53	CGP7930	Not Approved	""	0.01649930422215092
TP53	CHEMBL:CHEMBL533226	Not Approved	""	0.008884240735004345
TP53	ABEMACICLIB	Approved	""	0.006078691029213499
TP53	ONC201	Not Approved	""	0.05774756477752824
TP53	AZD1390	Not Approved	""	0.03849837651835216
TP53	CHEMBL:CHEMBL563919	Not Approved	""	0.02309902591101129
TP53	CHEMBL:CHEMBL1303948	Not Approved	""	0.01649930422215092
TP53	L-733,060	Not Approved	""	0.01443689119438206
TP53	SANGUINARINE SULFATE	Not Approved	""	0.008884240735004345
TP53	DS-7423	Not Approved	""	0.01539935060734086
TP53	TRABECTEDIN	Approved	""	0.04619805182202258
TP53	DUVELISIB	Approved	""	0.01649930422215092
TP53	MECHLORETHAMINE HYDROCHLORIDE	Approved	""	0.01924918825917608
TP53	ZM336372	Not Approved	""	0.01649930422215092
TP53	CHEMBL:CHEMBL580421	Not Approved	""	0.01049955723227786
TP53	FLUOROURACIL	Approved	""	0.007965181348624584
TP53	IXAZOMIB	Approved	""	0.005499768074050308
TP53	CAMPTOTHECIN	Approved	antineoplastic agent	0.00659972168886037
TP53	GDC-0425	Not Approved	""	0.1154951295550564
TP53	ACALABRUTINIB	Approved	""	0.01358766230059488
TP53	CHLOROXINE	Approved	""	0.01154951295550564
TP53	PROPACHLOR	Not Approved	""	0.01649930422215092
TP53	CHEMBL:CHEMBL579550	Not Approved	""	0.03849837651835216
TP53	EMBELIN	Not Approved	""	0.007699675303670432
TP53	CHEMBL:CHEMBL421215	Not Approved	""	0.01283279217278405
TP53	CHEMBL:CHEMBL261123	Not Approved	""	0.01924918825917608
TP53	2-AMINOANTHRACENE	Not Approved	""	0.02887378238876412
TP53	DOXORUBICIN LIPOSOME	Approved	""	0.03849837651835216
TP53	RIBAVIRIN	Approved	""	0.003039345514606749
TP53	CHEMBL:CHEMBL408850	Not Approved	""	0.01049955723227786
TP53	PD166285	Not Approved	""	0.03299860844430185
TP53	GSK2830371	Not Approved	""	0.1154951295550564
TP53	DIBENZ[A,H]ANTHRACENE	Not Approved	""	0.02309902591101129
TP53	CHELERYTHRINE	Not Approved	""	0.00962459412958804
TP53	FURAZOLIDONE	Approved	""	0.03849837651835216
TP53	CHEMBL:CHEMBL599943	Not Approved	""	0.02309902591101129
TP53	RS-17053	Not Approved	""	0.01283279217278405
TP53	CLOFIBRATE	Approved	Anticholesteremic Agents	0.01443689119438206
TP53	SR59230A	Not Approved	""	0.01924918825917608
TP53	CHEMBL:CHEMBL428789	Not Approved	""	0.007699675303670432
TP53	TEBUFENPYRAD	Not Approved	""	0.05774756477752824
TP53	SB 206553	Not Approved	""	0.008249652111075463
TP53	CHEMBL:CHEMBL1214407	Not Approved	""	0.02887378238876412
TP53	TOPOTECAN HYDROCHLORIDE	Approved	antineoplastic agent	0.00962459412958804
TP53	QUINALIZARIN	Not Approved	""	0.007699675303670432
TP53	BRIGIMADLIN	Not Approved	""	0.2309902591101129
TP53	ENCORAFENIB	Approved	""	0.01283279217278405
TP53	HYDRALAZINE	Approved	antihypertensive agent	0.005774756477752823
TP53	ALEXIDINE DIHYDROCHLORIDE	Not Approved	""	0.02887378238876412
TP53	CARBENDAZIM	Not Approved	""	0.03849837651835216
TP53	PLUMBAGIN	Not Approved	""	0.008884240735004345
TP53	THUNBERGINOL B	Not Approved	""	0.01154951295550564
TP53	CHEMBL:CHEMBL227959	Not Approved	""	0.02887378238876412
TP53	DAIDZEIN	Not Approved	""	0.006078691029213499
TP53	PROPARGITE	Not Approved	""	0.02887378238876412
TP53	LENALIDOMIDE	Approved	antineoplastic agent	0.008884240735004345
TP53	L-744,832	Not Approved	""	0.1154951295550564
TP53	BENZETHONIUM CHLORIDE	Approved	""	0.00721844559719103
TP53	CHEMBL:CHEMBL1494650	Not Approved	""	0.05774756477752824
TP53	BLZ945	Not Approved	""	0.1154951295550564
TP53	PIRARUBICIN	Not Approved	""	0.0256655843455681
TP53	S(+)-APOMORPHINE	Not Approved	""	0.01443689119438206
TP53	CHEMBL:CHEMBL473735	Not Approved	""	0.01924918825917608
TP53	U50488	Not Approved	""	0.02309902591101129
TP53	FENRETINIDE	Approved	antineoplastic agent	0.004277597390928017
TP53	MPA	Not Approved	""	0.02309902591101129
TP53	CHEMBL:CHEMBL411085	Not Approved	""	0.03849837651835216
TP53	ALVESPIMYCIN	Not Approved	antineoplastic agent	0.07699675303670432
TP53	PD-98059	Not Approved	""	0.003121489987974499
TP53	PANITUMUMAB	Approved	antineoplastic agent	0.01154951295550564
TP53	GEMCITABINE	Approved	antineoplastic agent	0.007532291057938466
TP53	AXITINIB	Approved	antineoplastic agent	0.01099953614810061
TP53	TIRAPAZAMINE	Not Approved	""	0.05774756477752824
TP53	PRAMLINTIDE	Approved	antiobesity agent,antidiabetic	0.01649930422215092
TP53	TRIFLUOPERAZINE	Approved	Antiemetics; Antipsychotic Agents	0.01154951295550564
TP53	CHEMBL:CHEMBL546170	Not Approved	""	0.01649930422215092
TP53	MUNDULONE	Not Approved	""	0.02887378238876412
TP53	ANISINDIONE	Approved	Anticoagulants	0.01924918825917608
TP53	CHEMBL:CHEMBL242171	Not Approved	""	0.01154951295550564
TP53	CAPECITABINE	Approved	""	0.00679383115029744
TP53	N-OLEOYLDOPAMINE	Not Approved	""	0.006416396086392026
TP53	CHEMBL:CHEMBL590665	Not Approved	""	0.03849837651835216
TP53	2-CHLOROADENOSINE	Not Approved	""	0.01049955723227786
TP53	CHEMBL:CHEMBL225513	Not Approved	""	0.01443689119438206
TP53	RESVERATROL	Approved	antineoplastic agent,antidiabetic,for treatment of herpes simplex virus 1	0.002357043460307275
TP53	CEP-1347	Not Approved	""	0.04619805182202258
TP53	TPCK	Not Approved	""	0.006416396086392026
TP53	WARFARIN	Approved	Anticoagulants	0.003499852410759287
TP53	SORAFENIB	Approved	antineoplastic agent	0.002008610948783591
TP53	3,4-DICHLOROBENZAMIL	Not Approved	""	0.02887378238876412
TP53	DOXORUBICIN HYDROCHLORIDE	Approved	antineoplastic agent	0.01092521495791074
TP53	LB-100	Not Approved	""	0.04619805182202258
TP53	SIREMADLIN	Not Approved	""	0.2309902591101129
TP53	ETOPOSIDE	Approved	Antineoplastic Agents	0.005973886011468438
TP53	CERALASERTIB	Not Approved	""	0.07699675303670432
TP53	CERITINIB	Approved	""	0.02038149345089231
TP53	(Z)-PIPLARTINE	Not Approved	""	0.05774756477752824
TP53	GR 127935	Not Approved	""	0.003982590674312292
TP53	ACEQUINOCYL	Not Approved	""	0.1154951295550564
TP53	PROCHLORPERAZINE	Approved	antiemetic,antimigraine agent	0.004124826055537731
TP53	SERDEMETAN	Not Approved	""	0.1154951295550564
TP53	ALT-801	Not Approved	""	0.1154951295550564
TP53	CHEMBL:CHEMBL1343568	Not Approved	""	0.01649930422215092
TP53	MAPROTILINE	Approved	Second-Generation,Antidepressive Agents	0.008884240735004345
TP53	AUTOLOGOUS DENDRITIC CELLS TRANSDUCED WITH WILD-TYPE P53 ADENOVIRUS VACCINE	Not Approved	""	0.1154951295550564
TP53	CHLOROTHALONIL	Not Approved	""	0.00962459412958804
TP53	MIRDAMETINIB	Not Approved	""	0.01539935060734086
TP53	SELECTIVE ESTROGEN RECEPTOR MODULATOR	Not Approved	""	0.0256655843455681
TP53	QUINACRINE DIHYDROCHLORIDE	Not Approved	""	0.00962459412958804
TP53	CHEMBL:CHEMBL602922	Not Approved	""	0.1154951295550564
TP53	AZD7762	Not Approved	""	0.04619805182202258
TP53	ANTIMYCIN A	Not Approved	""	0.03849837651835216
TP53	HALOPERIDOL DECANOATE	Approved	Antipsychotic Agents	0.003039345514606749
TP53	CARBOPLATIN	Approved	""	0.009400766359132503
TP53	BITHIONOL	Approved	""	0.00481229706479402
TP53	PHENETHYLISOTHIOCYANATE	Not Approved	""	0.02887378238876412
TP53	CHEMBL:CHEMBL233194	Not Approved	""	0.01924918825917608
TP53	DAUNORUBICIN HYDROCHLORIDE	Approved	""	0.003499852410759287
TP53	CHEMBL:CHEMBL545900	Not Approved	""	0.1154951295550564
TP53	GRANISETRON	Approved	antiemetic	0.01049955723227786
TP53	APG115	Not Approved	""	0.05774756477752824
TP53	CHEMBL:CHEMBL329673	Not Approved	""	0.01049955723227786
TP53	CHEMBL:CHEMBL408653	Not Approved	""	0.01924918825917608
TP53	4-METHOXYDALBERGIONE	Not Approved	""	0.01283279217278405
TP53	DIHYDROGAMBOGIC ACID	Not Approved	""	0.01049955723227786
TP53	METHYLPREDNISOLONE	Approved	Anti-Inflammatory Agents; Glucocorticoids	0.01924918825917608
SRSF2	CLK INHIBITOR CTX-712	Not Approved	""	26.10189927944276
SRSF2	H3B-8800	Not Approved	""	6.525474819860691
BCL2	OXALIPLATIN	Approved	""	0.05026039655861894
BCL2	POLATUZUMAB VEDOTIN	Approved	""	0.03350693103907929
BCL2	METHYLPREDNISOLONE	Approved	Anti-Inflammatory Agents; Glucocorticoids	0.106105281623751
BCL2	TESETAXEL	Not Approved	antineoplastic agent	0.3183158448712532
BCL2	MILATAXEL	Not Approved	antineoplastic agent	0.0374489229260298
BCL2	NAVITOCLAX	Not Approved	""	0.1989474030445333
BCL2	PACLITAXEL	Approved	for treatment of peripheral arterial disease (PAD),DMARD,antiinflammatory agent,antineoplastic agent	0.02315024326336387
BCL2	OBATOCLAX	Not Approved	antineoplastic agent	0.2387368836534399
BCL2	EPIDERMAL GROWTH FACTOR RECEPTOR TYROSINE KINASE INHIBITOR	Not Approved	""	0.1414737088316681
BCL2	RECOMBINANT TRANSFORMING GROWTH FACTOR-BETA 1	Not Approved	""	0.06063158949928633
BCL2	RECOMBINANT INTERFERON	Not Approved	""	0.06529555792230836
BCL2	DOLASTATIN 10	Not Approved	""	1.273263379485013
BCL2	OBLIMERSEN	Not Approved	antineoplastic agent	1.909895069227519
BCL2	FLOXURIDINE	Approved	antineoplastic agent	0.09094738424892951
BCL2	VENETOCLAX	Approved	""	0.1157512163168193
BCL2	ANTI-CD19 CAR T CELLS AT101	Not Approved	antineoplastic agent	0.4244211264950043
BCL2	HYPERBARIC OXYGEN	Not Approved	""	0.3819790138455038
BCL2	EPIRUBICIN	Approved	Antineoplastic Agents	0.03536842720791702
BCL2	PREGNANT MARE SERUM GONADOTROPIN	Not Approved	""	0.1157512163168193
BCL2	ETOPOSIDE	Approved	Antineoplastic Agents	0.03292922533150895
BCL2	BORTEZOMIB	Approved	antineoplastic agent	0.007489784585205959
BCL2	CARBOPLATIN	Approved	""	0.007402694066773332
BCL2	DITIOCARB	Not Approved	""	0.3183158448712532
BCL2	ANG1005	Not Approved	antineoplastic agent	0.0374489229260298
BCL2	ERYTHROMYCIN	Approved	""	0.05535927736891361
BCL2	AI-850	Not Approved	""	0.3183158448712532
BCL2	ORTATAXEL	Not Approved	antineoplastic agent	0.2122105632475021
BCL2	AMINOLEVULINIC ACID	Not Approved	""	1.273263379485013
BCL2	HEME	Not Approved	""	0.3183158448712532
BCL2	PROTUBOXEPIN A	Not Approved	""	0.6366316897425065
BCL2	RIBAVIRIN	Approved	""	0.08376732759769821
BCL2	ALPHA-TOCOPHEROL	Not Approved	""	0.1157512163168193
BCL2	PENTOXIFYLLINE	Approved	for treatment of amyotrophic lateral sclerosis (ALS)	0.0363789536995718
BCL2	HYDROQUINONE	Approved	""	0.0748978458520596
BCL2	C5A	Not Approved	""	0.181894768497859
BCL2	CILENGITIDE	Not Approved	antineoplastic agent	0.2546526758970026
BCL2	ORAL CONTRACEPTIVE	Not Approved	""	0.1157512163168193
BCL2	TENIPOSIDE	Approved	Antineoplastic Agents	0.1414737088316681
BCL2	DIETHYLSTILBESTROL	Approved	Hormone Replacement Agents	0.03858373877227312
BCL2	SAPONIN	Not Approved	""	0.2546526758970026
BCL2	SR9011	Not Approved	""	0.1273263379485013
BCL2	MASOPROCOL	Approved	prostate cancer,antineoplastic agent	0.02709071020180879
BCL2	CISPLATIN	Approved	""	0.01732331128551038
BCL2	BEAUVERICIN	Not Approved	""	1.273263379485013
BCL2	TRETINOIN	Approved	for treatment of acne	0.01399190526906607
BCL2	MUC-1 ANTIGEN	Not Approved	""	1.273263379485013
BCL2	HYPOXANTHINE	Not Approved	""	0.4244211264950043
BCL2	NONSTEROIDAL ANTIINFLAMMATORY DRUG	Not Approved	""	0.0748978458520596
BCL2	MICELLAR PACLITAXEL	Not Approved	""	1.273263379485013
BCL2	PROTEASE INHIBITOR	Not Approved	""	0.06366316897425064
BCL2	GAMMA-INTERFERON	Not Approved	""	0.1414737088316681
BCL2	SELENIUM	Approved	""	0.1123467687780893
BCL2	MITOXANTRONE	Approved	antineoplastic agent	0.02893780407920484
BCL2	APRINOCARSEN	Not Approved	""	0.9549475346137598
BCL2	APG-2575	Not Approved	""	0.3183158448712532
BCL2	ESTRAMUSTINE	Approved	""	0.1157512163168193
BCL2	DOCETAXEL ANHYDROUS	Approved	antineoplastic agent	0.007670261322198874
BCL2	MULTIDRUG RESISTANCE MODULATOR	Not Approved	""	0.6366316897425065
BCL2	PELCITOCLAX	Not Approved	""	0.3183158448712532
BCL2	ISOTRETINOIN	Approved	for treatment of acne	0.1193684418267199
BCL2	LYSOZYME	Not Approved	""	0.4244211264950043
BCL2	EDARAVONE	Approved	""	0.1273263379485013
BCL2	SR8278	Not Approved	""	0.6366316897425065
BCL2	FOSBRETABULIN DISODIUM	Not Approved	""	0.0748978458520596
BCL2	GSK4112	Not Approved	""	0.2122105632475021
BCL2	VALPROIC ACID	Approved	Anticonvulsants,for treatment of basal cell carcinoma,anticonvulsant	0.02233795402605286
BCL2	TRAIL	Not Approved	""	0.1273263379485013
BCL2	VINCRISTINE	Approved	antineoplastic agent	0.00785965049064823
BCL2	CAELYX	Not Approved	""	0.3183158448712532
BCL2	FAS LIGAND	Not Approved	""	0.106105281623751
BCL2	OBATOCLAX MESYLATE	Not Approved	""	0.106105281623751
BCL2	RECOMBINANT INTERLEUKIN	Not Approved	""	0.181894768497859
BCL2	GOSSYPOL	Not Approved	""	0.01326316020296888
BCL2	RALTITREXED	Not Approved	""	0.6366316897425065
BCL2	STREPTOZOCIN	Approved	""	0.0276796386844568
BCL2	SR9009	Not Approved	""	0.2122105632475021
BCL2	4-PHENYLBUTYRIC ACID	Approved	""	0.06366316897425064
BCL2	TAZAROTENE	Approved	for treatment of acne,antipsoriatic agent	0.1157512163168193
BCL2	BCL-2 INHIBITOR BCL201	Not Approved	""	0.3183158448712532
BCL2	ENDOTHELIN RECEPTOR ANTAGONIST	Not Approved	""	0.4244211264950043
BCL2	URSODIOL	Approved	for prevention of recurrence of colorectal polyps	0.07957896121781331
BCL2	DOXORUBICIN HYDROCHLORIDE	Approved	antineoplastic agent	0.008603130942466305
RHOA	QUINIDINE	Approved	Anti-Arrhythmia Agents	0.3728842754206109
RHOA	PRAVASTATIN SODIUM	Approved	anticholesterolaemic agent,antihypecholesterolemic agent	0.5524211487712755
RHOA	NS004	Not Approved	""	2.485895169470739
RHOA	ROTTLERIN	Not Approved	""	1.147336232063418
RHOA	CLAUSINE E	Not Approved	""	14.91537101682443
RHOA	SIMVASTATIN	Approved	antidyslipidaemic agent,anticholesterolaemic agent,antihypertensive agent	0.2983074203364887
RHOA	NS1619	Not Approved	""	1.491537101682443
FGFR2	INFIGRATINIB	Approved	""	0.6889390188699239
FGFR2	ORANTINIB	Not Approved	""	0.09231440947636699
FGFR2	ERDAFITINIB	Approved	""	0.92314409476367
FGFR2	FGFR1/2/3 INHIBITOR TYRA-200	Not Approved	""	0.6000436615963854
FGFR2	FUTIBATINIB	Approved	""	0.8727907805038334
FGFR2	FEXAGRATINIB	Not Approved	""	1.800130984789156
FGFR2	DERAZANTINIB	Not Approved	antineoplastic agent	0.450032746197289
FGFR2	FULVESTRANT	Approved	antineoplastic agent	0.07200523939156624
FGFR2	HMPL-453	Not Approved	""	0.4000291077309236
FGFR2	PAZOPANIB	Approved	antineoplastic agent	0.08421665425914182
FGFR2	FGFR2 INHIBITOR 3HP-2827	Not Approved	""	0.6000436615963854
FGFR2	AZD-4547	Not Approved	""	0.1500109153990963
FGFR2	BUPARLISIB	Not Approved	""	0.04800349292771083
FGFR2	PONATINIB	Approved	antineoplastic agent	0.3000218307981927
FGFR2	RG-1530	Not Approved	""	0.006383443208472186
FGFR2	TG100-801	Not Approved	""	0.03750272884977409
FGFR2	ENMD-981693	Not Approved	""	0.03158124534717817
FGFR2	FP-1039	Not Approved	antineoplastic agent	0.3000218307981927
FGFR2	LENVATINIB	Approved	antineoplastic agent	0.1579062267358909
FGFR2	GEMCITABINE	Approved	antineoplastic agent	0.01304442742600837
FGFR2	BRIVANIB	Not Approved	""	0.2571615692555938
FGFR2	SUNITINIB	Approved	antineoplastic agent	0.05000363846636545
FGFR2	ROGARATINIB	Not Approved	""	0.5143231385111876
FGFR2	APRUTUMAB	Not Approved	""	0.6000436615963854
FGFR2	ENMD-2076	Not Approved	antineoplastic agent	0.03871249429654099
FGFR2	LUCITANIB	Not Approved	""	0.04000291077309236
FGFR2	AEE-788	Not Approved	""	0.1000072769327309
FGFR2	THALIDOMIDE	Approved	antineoplastic agent	0.03243479251872353
FGFR2	MEK INHIBITOR RO4987655	Not Approved	""	0.2400174646385541
FGFR2	PD173074	Not Approved	""	0.6000436615963854
FGFR2	CETRELIMAB	Not Approved	""	0.2000145538654618
FGFR2	RABEPRAZOLE	Approved	Proton pump inhibitor	0.04615720473818349
FGFR2	LY-2874455	Not Approved	""	0.1500109153990963
FGFR2	TRAMETINIB DIMETHYL SULFOXIDE	Approved	antineoplastic agent	0.05106754566777748
FGFR2	GUNAGRATINIB	Not Approved	""	0.2000145538654618
FGFR2	MUPARFOSTAT	Not Approved	antineoplastic agent	0.06000436615963853
FGFR2	VEMURAFENIB	Approved	antineoplastic agent	0.03243479251872353
FGFR2	OLVEREMBATINIB	Not Approved	""	0.2000145538654618
FGFR2	APRUTUMAB IXADOTIN	Not Approved	""	0.1125081865493222
FGFR2	FGFR INHIBITOR DEBIO 1347	Not Approved	""	0.2000145538654618
FGFR2	PEMIGATINIB	Approved	""	1.900138261721887
FGFR2	TRAFERMIN	Not Approved	for treatment of diabetic foot ulcers,for treatment of periodontitis	0.450032746197289
FGFR2	PRN1371	Not Approved	""	0.1714410461703958
FGFR2	ALOFANIB	Not Approved	""	0.6000436615963854
FGFR2	LY2874455	Not Approved	""	0.08572052308519792
FGFR2	NINTEDANIB ESYLATE	Approved	antineoplastic agent	0.1440104787831324
FGFR2	TRABECTEDIN	Approved	""	0.2400174646385541
FGFR2	LEUCOVORIN CALCIUM	Approved	adjuvant to chemotherapy	0.03333575897757696
FGFR2	S-49076	Not Approved	""	0.6000436615963854
FGFR2	BRIVANIB ALANINATE	Not Approved	""	0.08572052308519792
FGFR2	CP-459632	Not Approved	""	0.07500545769954818
FGFR2	ZOTATIFIN	Not Approved	""	0.3000218307981927
FGFR2	SELUMETINIB	Approved	""	0.05454942378148959
FGFR2	SEGIGRATINIB	Not Approved	""	0.4000291077309236
FGFR2	NAVITOCLAX	Not Approved	""	0.07500545769954818
FGFR2	LIRAFUGRATINIB	Not Approved	""	0.9000654923945781
FGFR2	ALPELISIB	Approved	""	0.03333575897757696
FGFR2	CEDIRANIB	Not Approved	antineoplastic agent	0.04286026154259896
FGFR2	MK-2461	Not Approved	""	0.02500181923318272
FGFR2	MASITINIB	Approved	antineoplastic agent,DMARD,antiinflammatory agent	0.03529668597625796
FGFR2	BEMARITUZUMAB	Not Approved	""	0.9000654923945781
FGFR2	XL-999	Not Approved	""	0.05454942378148959
FGFR2	ABT-737	Not Approved	""	0.3000218307981927
FGFR2	XL999	Not Approved	antineoplastic agent	0.06000436615963853
FGFR2	TASURGRATINIB	Not Approved	""	0.08572052308519792
FGFR2	TEMUTERKIB	Not Approved	""	0.1714410461703958
FGFR2	INAVOLISIB	Approved	""	0.4000291077309236
FGFR2	PHA-665752	Not Approved	""	0.2400174646385541
FGFR2	FGFR INHIBITOR CPL304110	Not Approved	""	0.6000436615963854
FGFR2	PALIFERMIN	Approved	for treatment of antineoplasty-induced oral mucositis	0.3000218307981927
FGFR2	REGORAFENIB	Approved	antineoplastic agent	0.1090988475629791
FGFR2	ODM-203	Not Approved	""	0.6000436615963854
FGFR2	AKT INHIBITOR MK2206	Not Approved	""	0.08572052308519792
FGFR2	TASURGRATINIB	Not Approved	""	1.000072769327309
FGFR2	ZOLIGRATINIB	Not Approved	""	2.000145538654618
FGFR2	PICTILISIB	Not Approved	""	0.05454942378148959
FGFR2	AVUTOMETINIB	Not Approved	""	0.1333430359103078
FGFR2	PEGINTERFERON ALFA-2A	Approved	Antineoplastic Agents; Immunomodulatory Agents,for treatment of hepatitis B and C	0.02069116074470294
FGFR2	FLUOROURACIL	Approved	""	0.01034558037235147
FGFR2	DOVITINIB	Not Approved	antineoplastic agent	0.1069384743439102
FGFR2	OXALIPLATIN	Approved	""	0.03158124534717817
FGFR2	FGF RECEPTOR ANTAGONIST HGS1036	Not Approved	""	0.6000436615963854
FGFR2	INFIGRATINIB PHOSPHATE	Approved	""	0.1500109153990963
FGFR2	VARGATEF	Not Approved	""	0.07500545769954818
FGFR2	XL228	Not Approved	antineoplastic agent	0.1714410461703958
FGFR2	TINENGOTINIB	Not Approved	""	1.200087323192771
FGFR2	KIN-3248	Not Approved	""	1.200087323192771
MAPK8	PALBOCICLIB	Approved	""	0.02007066457473491
MAPK8	TAK-715	Not Approved	""	0.0426501622213117
MAPK8	RECOMBINANT EOTAXIN	Not Approved	""	0.3412012977704936
MAPK8	CC-401	Not Approved	""	0.6824025955409873
MAPK8	IMMUNOTOXIN	Not Approved	""	0.2559009733278702
MAPK8	BEXAROTENE	Approved	antineoplastic agent	0.1706006488852468
MAPK8	ACE INHIBITOR	Not Approved	""	0.2924582552318517
MAPK8	ENALAPRIL MALEATE	Approved	antihypertensive agent	0.1077477782433137
MAPK8	RHAMNETIN	Not Approved	""	0.2047207786622961
MAPK8	KEYHOLE LIMPET HEMOCYANIN	Not Approved	""	0.5118019466557404
MAPK8	JNK INHIBITOR VIII	Not Approved	""	0.1137337659234978
MAPK8	TCDD	Not Approved	""	0.08188831146491847
MAPK8	SB203580	Not Approved	""	0.03529668597625796
MAPK8	RUTHENIUM-BASED TRANSFERRIN TARGETING AGENT NKP-1339	Not Approved	""	0.5118019466557404
MAPK8	DOXYCYCLINE ANHYDROUS	Approved	""	0.1335135513014975
MAPK8	SP-600125	Not Approved	""	0.01150116734057843
MAPK8	GO-6976	Not Approved	""	0.02380474170491816
MAPK8	DEXRAZOXANE	Approved	""	0.4094415573245923
MAPK8	TRETINOIN	Approved	for treatment of acne	0.02249678886398859
MAPK8	PD-0166285	Not Approved	""	0.01968469025599002
MAPK8	BRIMAPITIDE	Not Approved	for treatment of acute hearing loss	0.5118019466557404
MAPK8	GEFITINIB	Approved	antineoplastic agent	0.03055534009885018
MAPK8	TAMATINIB	Not Approved	""	0.01263708510261087
MAPK8	SIGNAL TRANSDUCTION INHIBITOR	Not Approved	""	0.5118019466557404
MAPK8	SB202190	Not Approved	""	0.05686688296174894
MAPK8	R-1487	Not Approved	""	0.1137337659234978
MAPK8	PAZOPANIB	Approved	antineoplastic agent	0.01795796304055229
MAPK8	NVP-TAE684	Not Approved	""	0.009937901876810495
MAPK8	PICTILISIB	Not Approved	""	0.0310182997973176
MAPK8	CYC-116	Not Approved	""	0.01055261745681939
MAPK8	BACILLUS CALMETTE-GUERIN ANTIGEN	Not Approved	""	0.1706006488852468
MAPK8	DOVITINIB	Not Approved	antineoplastic agent	0.01013469201298496
MAPK8	CENISERTIB	Not Approved	antineoplastic agent	0.008674609265351534
MAPK8	JNJ-7706621	Not Approved	""	0.01861097987839056
MAPK8	ARGIPRESSIN	Approved	analgesic,Antidiuretic Agents	0.07873876102396007
MAPK8	BLEOMYCIN	Approved	antineoplastic agent	0.1279504866639351
MAPK8	PHENETHYL ISOTHIOCYANATE	Not Approved	""	0.5118019466557404
MAPK8	2-METHOXYESTRADIOL	Not Approved	""	0.2047207786622961
MAPK8	BENTAMAPIMOD	Not Approved	""	0.3412012977704936
MAPK8	BGP-15	Not Approved	""	0.5118019466557404
MAPK8	ALPHA-TOCOPHEROL	Not Approved	""	0.1861097987839056
MAPK8	SORAFENIB	Approved	antineoplastic agent	0.01780180684019967
MAPK8	CI-1040	Not Approved	""	0.06021199372420476
MAPK8	BUTYLATED HYDROXYTOLUENE	Approved	""	0.2274675318469957
MAPK8	PRAZOSIN	Approved	Antihypertensive Agents; antispasmodics	0.1364805191081974
MAPK8	TANZISERTIB	Not Approved	""	0.3412012977704936
MAPK8	PLATINUM	Not Approved	""	0.102360389331148
MAPK8	PP2	Not Approved	""	0.03412012977704937
MAPK8	CARDAMOMIN	Not Approved	""	0.6824025955409873
MAPK8	DEXTRAN SULFATE SODIUM	Not Approved	""	0.2559009733278702
MAPK8	HESPERADIN	Not Approved	""	0.02559009733278702
CASP8	CONATUMUMAB	Not Approved	""	2.610189927944276
CASP8	CHEMBL:CHEMBL375563	Not Approved	""	4.176303884710842
CASP8	EMRICASAN	Not Approved	""	0.8031353624443929
CASP8	NIVOCASAN	Not Approved	""	3.480253237259035
CASP8	CHEMBL:CHEMBL1210769	Not Approved	""	1.305094963972138
HNRNPA1	CAMPTOTHECIN	Approved	antineoplastic agent	2.983074203364888
